Date,Product,Order Status,Condition,Qty,Revenue (USD)
2/1/2015,A,Delivered,Discount,1,1.52
2/1/2015,B,Cancelled,Discount,414,2326.9
2/1/2015,B,Cancelled,Normal,103,912.49
2/1/2015,B,Delivered,Discount,862,4390.05
2/1/2015,B,Delivered,Normal,180,1666.49
2/1/2015,C,Cancelled,Discount,8,69.65
2/1/2015,C,Cancelled,Normal,5,52.56
2/1/2015,C,Delivered,Discount,18,117.93
2/1/2015,D,Cancelled,Discount,51,157.55
2/1/2015,D,Cancelled,Normal,328,2024.6
2/1/2015,D,Delivered,Discount,84,218.56
2/1/2015,D,Delivered,Normal,252,1261.05
2/1/2015,E,Cancelled,Normal,1,11.97
2/1/2015,E,Delivered,Discount,3,15.81
2/1/2015,E,Delivered,Normal,4,34.09
2/2/2015,B,Cancelled,Discount,204,1088.44
2/2/2015,B,Cancelled,Normal,100,1032.18
2/2/2015,B,Delivered,Discount,456,2463.33
2/2/2015,B,Delivered,Normal,166,1627.86
2/2/2015,C,Cancelled,Discount,9,64.71
2/2/2015,C,Delivered,Discount,16,127.1
2/2/2015,C,Delivered,Normal,5,61.6
2/2/2015,D,Cancelled,Discount,8,24.73
2/2/2015,D,Cancelled,Normal,114,655.02
2/2/2015,D,Delivered,Discount,35,95.21
2/2/2015,D,Delivered,Normal,171,1018.45
2/2/2015,E,Delivered,Discount,1,7.9
2/2/2015,E,Delivered,Normal,3,23.93
2/3/2015,A,Delivered,Normal,1,11.29
2/3/2015,B,Cancelled,Discount,45,231.37
2/3/2015,B,Cancelled,Normal,125,1211.4
2/3/2015,B,Delivered,Discount,73,431.67
2/3/2015,B,Delivered,Normal,177,1784.17
2/3/2015,C,Cancelled,Discount,3,21.84
2/3/2015,C,Cancelled,Normal,9,97.32
2/3/2015,C,Delivered,Discount,8,64.57
2/3/2015,C,Delivered,Normal,9,97.5
2/3/2015,D,Cancelled,Discount,4,10.14
2/3/2015,D,Cancelled,Normal,70,445.7
2/3/2015,D,Delivered,Discount,1,2.82
2/3/2015,D,Delivered,Normal,107,523.79
2/3/2015,E,Cancelled,Normal,1,17.57
2/3/2015,E,Delivered,Normal,5,57.71
2/4/2015,A,Cancelled,Discount,1,15.8
2/4/2015,A,Cancelled,Normal,1,13.54
2/4/2015,A,Delivered,Discount,1,15.8
2/4/2015,A,Delivered,Normal,1,11.29
2/4/2015,B,Cancelled,Discount,26,144.55
2/4/2015,B,Cancelled,Normal,103,1033.18
2/4/2015,B,Delivered,Discount,64,368.69
2/4/2015,B,Delivered,Normal,120,1161.28
2/4/2015,C,Cancelled,Discount,1,9.01
2/4/2015,C,Cancelled,Normal,4,35.86
2/4/2015,C,Delivered,Discount,4,25.61
2/4/2015,C,Delivered,Normal,1,22.58
2/4/2015,D,Cancelled,Discount,3,5.64
2/4/2015,D,Cancelled,Normal,122,655.81
2/4/2015,D,Delivered,Discount,5,14.68
2/4/2015,D,Delivered,Normal,89,471.5
2/4/2015,E,Cancelled,Normal,1,11.97
2/5/2015,A,Cancelled,Normal,1,6.77
2/5/2015,A,Delivered,Discount,1,6.95
2/5/2015,B,Cancelled,Discount,32,238.97
2/5/2015,B,Cancelled,Normal,139,1334.3
2/5/2015,B,Delivered,Discount,15,89.33
2/5/2015,B,Delivered,Normal,133,1355.55
2/5/2015,C,Cancelled,Discount,5,53.37
2/5/2015,C,Cancelled,Normal,3,30.44
2/5/2015,C,Delivered,Discount,1,13.51
2/5/2015,C,Delivered,Normal,1,11.7
2/5/2015,D,Cancelled,Discount,4,10.16
2/5/2015,D,Cancelled,Normal,95,526.32
2/5/2015,D,Delivered,Discount,5,14.9
2/5/2015,D,Delivered,Normal,80,452.43
2/6/2015,A,Cancelled,Discount,1,10.56
2/6/2015,A,Cancelled,Normal,1,6.77
2/6/2015,A,Delivered,Discount,8,70.7
2/6/2015,B,Cancelled,Discount,28,145.64
2/6/2015,B,Cancelled,Normal,125,1244.31
2/6/2015,B,Delivered,Discount,62,325.55
2/6/2015,B,Delivered,Normal,221,2053.04
2/6/2015,C,Cancelled,Discount,1,9.31
2/6/2015,C,Cancelled,Normal,5,54.01
2/6/2015,C,Delivered,Discount,9,65.2
2/6/2015,C,Delivered,Normal,5,45.29
2/6/2015,D,Cancelled,Normal,107,413.79
2/6/2015,D,Delivered,Discount,5,27.1
2/6/2015,D,Delivered,Normal,210,899.51
2/6/2015,E,Cancelled,Normal,1,11.97
2/6/2015,E,Delivered,Normal,3,26.64
2/7/2015,A,Cancelled,Discount,5,56.35
2/7/2015,A,Delivered,Discount,12,116.48
2/7/2015,B,Cancelled,Discount,34,182.97
2/7/2015,B,Cancelled,Normal,102,954.51
2/7/2015,B,Delivered,Discount,47,269.86
2/7/2015,B,Delivered,Normal,259,2538.19
2/7/2015,C,Cancelled,Discount,1,9.31
2/7/2015,C,Cancelled,Normal,1,13.5
2/7/2015,C,Delivered,Discount,3,18.76
2/7/2015,C,Delivered,Normal,3,30.48
2/7/2015,D,Cancelled,Discount,4,11.02
2/7/2015,D,Cancelled,Normal,102,402.7
2/7/2015,D,Delivered,Discount,1,4.52
2/7/2015,D,Delivered,Normal,176,811.58
2/7/2015,E,Cancelled,Normal,3,23.48
2/7/2015,E,Delivered,Normal,4,33.19
2/8/2015,A,Cancelled,Discount,8,72.06
2/8/2015,A,Delivered,Discount,9,89.39
2/8/2015,B,Cancelled,Discount,46,294.29
2/8/2015,B,Cancelled,Normal,123,1250.01
2/8/2015,B,Delivered,Discount,78,441.09
2/8/2015,B,Delivered,Normal,166,1510.01
2/8/2015,C,Cancelled,Discount,3,17.55
2/8/2015,C,Cancelled,Normal,3,27
2/8/2015,C,Delivered,Discount,4,26.63
2/8/2015,D,Cancelled,Discount,1,7.11
2/8/2015,D,Cancelled,Normal,76,304.31
2/8/2015,D,Delivered,Normal,149,724.41
2/8/2015,E,Cancelled,Normal,1,10.61
2/8/2015,E,Delivered,Normal,3,23.93
2/9/2015,A,Cancelled,Discount,4,39.55
2/9/2015,A,Delivered,Discount,8,73.68
2/9/2015,B,Cancelled,Discount,55,337.27
2/9/2015,B,Cancelled,Normal,91,889.03
2/9/2015,B,Delivered,Discount,97,618.37
2/9/2015,B,Delivered,Normal,152,1466.16
2/9/2015,C,Cancelled,Discount,5,36.85
2/9/2015,C,Cancelled,Normal,4,34.73
2/9/2015,C,Delivered,Discount,9,63.34
2/9/2015,C,Delivered,Normal,26,202.08
2/9/2015,D,Cancelled,Normal,70,337.74
2/9/2015,D,Delivered,Discount,5,15.26
2/9/2015,D,Delivered,Normal,134,702.04
2/9/2015,E,Cancelled,Normal,5,53.29
2/9/2015,E,Delivered,Normal,3,37.93
2/10/2015,A,Cancelled,Discount,1,12.46
2/10/2015,A,Delivered,Discount,5,42.53
2/10/2015,B,Cancelled,Discount,70,440.05
2/10/2015,B,Cancelled,Normal,131,1287.43
2/10/2015,B,Delivered,Discount,99,693.2
2/10/2015,B,Delivered,Normal,180,1823.34
2/10/2015,C,Cancelled,Discount,4,51.99
2/10/2015,C,Cancelled,Normal,4,34.77
2/10/2015,C,Delivered,Discount,5,38.33
2/10/2015,C,Delivered,Normal,8,53.74
2/10/2015,D,Cancelled,Discount,7,35.65
2/10/2015,D,Cancelled,Normal,135,434.1
2/10/2015,D,Delivered,Discount,9,47.15
2/10/2015,D,Delivered,Normal,156,659.21
2/10/2015,E,Cancelled,Normal,3,35.13
2/10/2015,E,Delivered,Normal,3,38.38
2/11/2015,A,Cancelled,Discount,1,13.54
2/11/2015,A,Delivered,Discount,1,12.46
2/11/2015,A,Delivered,Normal,1,9.93
2/11/2015,B,Cancelled,Discount,31,203.6
2/11/2015,B,Cancelled,Normal,99,966.06
2/11/2015,B,Delivered,Discount,66,456.74
2/11/2015,B,Delivered,Normal,112,1077.82
2/11/2015,C,Cancelled,Discount,4,51.99
2/11/2015,C,Cancelled,Normal,4,34.77
2/11/2015,C,Delivered,Discount,8,102.99
2/11/2015,C,Delivered,Normal,1,18.02
2/11/2015,D,Cancelled,Discount,5,22.42
2/11/2015,D,Cancelled,Normal,273,2298.5
2/11/2015,D,Delivered,Discount,5,27.19
2/11/2015,D,Delivered,Normal,712,6642.4
2/11/2015,E,Delivered,Normal,3,23.93
2/12/2015,A,Cancelled,Discount,1,14.9
2/12/2015,B,Cancelled,Discount,35,208.22
2/12/2015,B,Cancelled,Normal,77,712.01
2/12/2015,B,Delivered,Discount,60,356.93
2/12/2015,B,Delivered,Normal,108,1018.64
2/12/2015,C,Cancelled,Discount,5,37.73
2/12/2015,C,Delivered,Discount,4,28.45
2/12/2015,C,Delivered,Normal,3,22.49
2/12/2015,D,Cancelled,Discount,11,49.43
2/12/2015,D,Cancelled,Normal,123,574.85
2/12/2015,D,Delivered,Discount,14,60.92
2/12/2015,D,Delivered,Normal,129,555.63
2/12/2015,E,Delivered,Normal,3,34.23
2/13/2015,A,Cancelled,Discount,4,37.93
2/13/2015,A,Delivered,Discount,1,8.13
2/13/2015,B,Cancelled,Discount,35,236.79
2/13/2015,B,Cancelled,Normal,85,777.18
2/13/2015,B,Delivered,Discount,112,708.16
2/13/2015,B,Delivered,Normal,143,1359.86
2/13/2015,C,Cancelled,Discount,1,9.31
2/13/2015,C,Cancelled,Normal,5,48.32
2/13/2015,C,Delivered,Discount,9,65.05
2/13/2015,C,Delivered,Normal,16,151.37
2/13/2015,D,Cancelled,Discount,1,2.03
2/13/2015,D,Cancelled,Normal,148,921.17
2/13/2015,D,Delivered,Discount,1,2.03
2/13/2015,D,Delivered,Normal,160,934.09
2/13/2015,E,Delivered,Normal,1,12.87
2/14/2015,A,Cancelled,Normal,1,7.68
2/14/2015,A,Delivered,Discount,7,58.51
2/14/2015,A,Delivered,Normal,3,18.74
2/14/2015,B,Cancelled,Discount,32,216.35
2/14/2015,B,Cancelled,Normal,143,1298.83
2/14/2015,B,Delivered,Discount,87,555.58
2/14/2015,B,Delivered,Normal,153,1360.88
2/14/2015,C,Cancelled,Discount,4,28.07
2/14/2015,C,Cancelled,Normal,3,22.53
2/14/2015,C,Delivered,Discount,9,65.81
2/14/2015,C,Delivered,Normal,5,64.89
2/14/2015,D,Cancelled,Discount,12,56.61
2/14/2015,D,Cancelled,Normal,107,633.93
2/14/2015,D,Delivered,Discount,9,39.82
2/14/2015,D,Delivered,Normal,162,860.39
2/14/2015,E,Cancelled,Normal,8,70.45
2/14/2015,E,Delivered,Normal,3,23.48
2/15/2015,A,Cancelled,Discount,3,23.03
2/15/2015,A,Delivered,Discount,3,17.34
2/15/2015,A,Delivered,Normal,3,23.26
2/15/2015,B,Cancelled,Discount,138,884.77
2/15/2015,B,Cancelled,Normal,148,1366.14
2/15/2015,B,Delivered,Discount,179,1096.2
2/15/2015,B,Delivered,Normal,344,3259.27
2/15/2015,C,Cancelled,Discount,9,64.29
2/15/2015,C,Cancelled,Normal,7,76.68
2/15/2015,C,Delivered,Discount,12,82.15
2/15/2015,C,Delivered,Normal,9,101.88
2/15/2015,D,Cancelled,Discount,19,72.28
2/15/2015,D,Cancelled,Normal,131,678.33
2/15/2015,D,Delivered,Discount,27,109.51
2/15/2015,D,Delivered,Normal,257,1397.64
2/15/2015,E,Delivered,Normal,4,35
2/16/2015,A,Cancelled,Normal,3,18.97
2/16/2015,A,Delivered,Discount,1,5.96
2/16/2015,B,Cancelled,Discount,76,458.43
2/16/2015,B,Cancelled,Normal,104,913.99
2/16/2015,B,Delivered,Discount,73,466.36
2/16/2015,B,Delivered,Normal,172,1562.8
2/16/2015,C,Cancelled,Discount,8,53.64
2/16/2015,C,Cancelled,Normal,1,13.05
2/16/2015,C,Delivered,Discount,5,35.4
2/16/2015,C,Delivered,Normal,7,73.88
2/16/2015,D,Cancelled,Discount,12,58.33
2/16/2015,D,Cancelled,Normal,49,193.46
2/16/2015,D,Delivered,Discount,19,77.23
2/16/2015,D,Delivered,Normal,107,381.72
2/16/2015,E,Delivered,Normal,4,35.45
2/17/2015,A,Cancelled,Normal,1,7.68
2/17/2015,A,Delivered,Normal,1,7.68
2/17/2015,B,Cancelled,Discount,45,290.56
2/17/2015,B,Cancelled,Normal,102,931.28
2/17/2015,B,Delivered,Discount,85,516.1
2/17/2015,B,Delivered,Normal,203,1841.47
2/17/2015,C,Cancelled,Discount,1,8.93
2/17/2015,C,Cancelled,Normal,4,44.17
2/17/2015,C,Delivered,Discount,5,36.54
2/17/2015,C,Delivered,Normal,9,93.48
2/17/2015,D,Cancelled,Discount,12,53.08
2/17/2015,D,Cancelled,Normal,133,562.29
2/17/2015,D,Delivered,Discount,5,19.24
2/17/2015,D,Delivered,Normal,126,557.75
2/17/2015,E,Cancelled,Normal,1,16.48
2/17/2015,E,Delivered,Normal,3,37.93
2/18/2015,A,Delivered,Normal,3,15.35
2/18/2015,B,Cancelled,Discount,61,398.84
2/18/2015,B,Cancelled,Normal,290,5997.94
2/18/2015,B,Delivered,Discount,97,589.59
2/18/2015,B,Delivered,Normal,486,10835.67
2/18/2015,C,Cancelled,Discount,4,26.93
2/18/2015,C,Cancelled,Normal,9,97.68
2/18/2015,C,Delivered,Discount,7,45.38
2/18/2015,C,Delivered,Normal,1,15.76
2/18/2015,D,Cancelled,Discount,4,15.59
2/18/2015,D,Cancelled,Normal,126,501.77
2/18/2015,D,Delivered,Discount,8,28.64
2/18/2015,D,Delivered,Normal,161,652.48
2/18/2015,E,Cancelled,Normal,4,33.82
2/18/2015,E,Delivered,Normal,5,50.49
2/19/2015,A,Cancelled,Discount,1,8.13
2/19/2015,A,Delivered,Normal,1,7.68
2/19/2015,B,Cancelled,Discount,41,286.07
2/19/2015,B,Cancelled,Normal,172,3705.75
2/19/2015,B,Delivered,Discount,104,612.44
2/19/2015,B,Delivered,Normal,171,2398.96
2/19/2015,C,Cancelled,Discount,3,18.3
2/19/2015,C,Cancelled,Normal,1,13.5
2/19/2015,C,Delivered,Discount,5,36.16
2/19/2015,C,Delivered,Normal,7,58.03
2/19/2015,D,Cancelled,Discount,3,8.05
2/19/2015,D,Cancelled,Normal,123,592.19
2/19/2015,D,Delivered,Discount,4,17
2/19/2015,D,Delivered,Normal,173,687.8
2/19/2015,E,Delivered,Normal,1,11.52
2/20/2015,A,Cancelled,Discount,1,5.96
2/20/2015,A,Cancelled,Normal,1,11.29
2/20/2015,A,Delivered,Normal,1,7.68
2/20/2015,B,Cancelled,Discount,112,635.48
2/20/2015,B,Cancelled,Normal,212,3702.82
2/20/2015,B,Delivered,Discount,183,1028.81
2/20/2015,B,Delivered,Normal,135,1787.93
2/20/2015,C,Cancelled,Normal,12,144.15
2/20/2015,C,Delivered,Discount,8,54.46
2/20/2015,C,Delivered,Normal,23,229.36
2/20/2015,D,Cancelled,Discount,1,5.36
2/20/2015,D,Cancelled,Normal,157,569.98
2/20/2015,D,Delivered,Discount,1,2.69
2/20/2015,D,Delivered,Normal,183,781.25
2/20/2015,E,Cancelled,Normal,5,52.11
2/20/2015,E,Delivered,Normal,1,12.42
2/21/2015,A,Delivered,Discount,1,14.9
2/21/2015,B,Cancelled,Discount,76,427.64
2/21/2015,B,Cancelled,Normal,126,1922.8
2/21/2015,B,Delivered,Discount,183,1102.2
2/21/2015,B,Delivered,Normal,211,2562.6
2/21/2015,C,Cancelled,Normal,7,65.62
2/21/2015,C,Delivered,Discount,3,18.46
2/21/2015,C,Delivered,Normal,5,52.25
2/21/2015,D,Cancelled,Discount,1,5.36
2/21/2015,D,Cancelled,Normal,97,420.03
2/21/2015,D,Delivered,Discount,3,7.62
2/21/2015,D,Delivered,Normal,183,614
2/21/2015,E,Cancelled,Normal,1,11.97
2/22/2015,A,Cancelled,Normal,1,7.68
2/22/2015,A,Delivered,Discount,1,14.9
2/22/2015,A,Delivered,Normal,1,7.68
2/22/2015,B,Cancelled,Discount,107,637.67
2/22/2015,B,Cancelled,Normal,110,1491.91
2/22/2015,B,Delivered,Discount,149,897.32
2/22/2015,B,Delivered,Normal,158,1741.68
2/22/2015,C,Cancelled,Discount,5,35.7
2/22/2015,C,Cancelled,Normal,8,97.72
2/22/2015,C,Delivered,Discount,5,36.16
2/22/2015,C,Delivered,Normal,3,31.52
2/22/2015,D,Cancelled,Discount,5,19.03
2/22/2015,D,Cancelled,Normal,122,515.54
2/22/2015,D,Delivered,Discount,4,13.55
2/22/2015,D,Delivered,Normal,195,799.96
2/22/2015,E,Delivered,Normal,3,25.92
2/23/2015,A,Cancelled,Normal,3,15.35
2/23/2015,A,Delivered,Normal,5,30.71
2/23/2015,B,Cancelled,Discount,89,562.88
2/23/2015,B,Cancelled,Normal,100,1340.13
2/23/2015,B,Delivered,Discount,130,832.08
2/23/2015,B,Delivered,Normal,173,1804.81
2/23/2015,C,Cancelled,Discount,5,42.24
2/23/2015,C,Cancelled,Normal,1,13.5
2/23/2015,C,Delivered,Discount,4,30
2/23/2015,C,Delivered,Normal,7,62.5
2/23/2015,D,Cancelled,Discount,11,57.28
2/23/2015,D,Cancelled,Normal,87,499.63
2/23/2015,D,Delivered,Discount,8,28.78
2/23/2015,D,Delivered,Normal,204,858.54
2/23/2015,E,Cancelled,Normal,4,35.45
2/23/2015,E,Delivered,Normal,3,37.48
2/24/2015,A,Cancelled,Discount,1,8.13
2/24/2015,A,Cancelled,Normal,3,15.35
2/24/2015,A,Delivered,Discount,1,14.9
2/24/2015,B,Cancelled,Discount,125,725.56
2/24/2015,B,Cancelled,Normal,110,1430.98
2/24/2015,B,Delivered,Discount,217,1304.01
2/24/2015,B,Delivered,Normal,158,1596.2
2/24/2015,C,Cancelled,Discount,4,30
2/24/2015,C,Cancelled,Normal,3,25.92
2/24/2015,C,Delivered,Discount,5,42.63
2/24/2015,C,Delivered,Normal,1,17.12
2/24/2015,D,Cancelled,Discount,7,22.46
2/24/2015,D,Cancelled,Normal,153,736.9
2/24/2015,D,Delivered,Discount,7,22
2/24/2015,D,Delivered,Normal,164,653.5
2/25/2015,A,Delivered,Discount,1,8.13
2/25/2015,A,Delivered,Normal,3,26.87
2/25/2015,B,Cancelled,Discount,150,865.53
2/25/2015,B,Cancelled,Normal,76,921.14
2/25/2015,B,Delivered,Discount,115,704.64
2/25/2015,B,Delivered,Normal,115,1312.49
2/25/2015,C,Cancelled,Discount,4,29.7
2/25/2015,C,Delivered,Discount,1,8.93
2/25/2015,C,Delivered,Normal,5,57.44
2/25/2015,D,Cancelled,Discount,7,22.87
2/25/2015,D,Cancelled,Normal,126,476.08
2/25/2015,D,Delivered,Discount,5,21.48
2/25/2015,D,Delivered,Normal,106,511.39
2/25/2015,E,Cancelled,Normal,7,59.38
2/25/2015,E,Delivered,Normal,1,11.52
2/26/2015,A,Cancelled,Discount,1,5.96
2/26/2015,A,Cancelled,Normal,1,7.68
2/26/2015,A,Delivered,Discount,1,14.9
2/26/2015,B,Cancelled,Discount,78,476.86
2/26/2015,B,Cancelled,Normal,88,914.47
2/26/2015,B,Delivered,Discount,120,719.12
2/26/2015,B,Delivered,Normal,149,1589.42
2/26/2015,C,Cancelled,Discount,1,8.93
2/26/2015,C,Cancelled,Normal,1,16.93
2/26/2015,C,Delivered,Discount,4,30
2/26/2015,C,Delivered,Normal,8,150.02
2/26/2015,D,Cancelled,Discount,5,21.45
2/26/2015,D,Cancelled,Normal,76,285.95
2/26/2015,D,Delivered,Discount,5,24.95
2/26/2015,D,Delivered,Normal,154,738.61
2/26/2015,E,Cancelled,Normal,4,36.35
2/26/2015,E,Delivered,Normal,4,43.31
2/27/2015,A,Cancelled,Discount,3,11.31
2/27/2015,A,Delivered,Discount,8,38.37
2/27/2015,B,Cancelled,Discount,314,2044.37
2/27/2015,B,Cancelled,Normal,80,856.75
2/27/2015,B,Delivered,Discount,471,3186.97
2/27/2015,B,Delivered,Normal,176,1760.75
2/27/2015,C,Cancelled,Discount,3,19.36
2/27/2015,C,Cancelled,Normal,5,42.99
2/27/2015,C,Delivered,Discount,7,48.76
2/27/2015,C,Delivered,Normal,27,358.64
2/27/2015,D,Cancelled,Discount,119,285.88
2/27/2015,D,Cancelled,Normal,104,639.48
2/27/2015,D,Delivered,Discount,260,521.74
2/27/2015,D,Delivered,Normal,257,1325.17
2/27/2015,E,Delivered,Normal,8,78.98
2/28/2015,A,Cancelled,Discount,9,44.2
2/28/2015,A,Cancelled,Normal,1,21.22
2/28/2015,A,Delivered,Discount,8,38.95
2/28/2015,A,Delivered,Normal,7,41.99
2/28/2015,B,Cancelled,Discount,300,1878.66
2/28/2015,B,Cancelled,Normal,103,1078.31
2/28/2015,B,Delivered,Discount,711,4535.61
2/28/2015,B,Delivered,Normal,328,3388.97
2/28/2015,C,Cancelled,Discount,3,17.7
2/28/2015,C,Cancelled,Normal,3,39.47
2/28/2015,C,Delivered,Discount,12,87.07
2/28/2015,C,Delivered,Normal,116,1024.76
2/28/2015,D,Cancelled,Discount,61,191.46
2/28/2015,D,Cancelled,Normal,112,465.68
2/28/2015,D,Delivered,Discount,135,497.31
2/28/2015,D,Delivered,Normal,244,1114.16
2/28/2015,E,Cancelled,Normal,14,150.29
2/28/2015,E,Delivered,Normal,32,350.97
3/1/2015,A,Cancelled,Normal,4,23.03
3/1/2015,A,Delivered,Normal,5,34.32
3/1/2015,B,Cancelled,Discount,18,119.74
3/1/2015,B,Cancelled,Normal,115,1198.72
3/1/2015,B,Delivered,Discount,55,395.76
3/1/2015,B,Delivered,Normal,283,2846.63
3/1/2015,C,Cancelled,Discount,3,20.69
3/1/2015,C,Cancelled,Normal,4,50.76
3/1/2015,C,Delivered,Discount,1,12.15
3/1/2015,C,Delivered,Normal,38,437.17
3/1/2015,D,Cancelled,Normal,66,447.57
3/1/2015,D,Delivered,Discount,3,9.03
3/1/2015,D,Delivered,Normal,142,544.2
3/1/2015,E,Cancelled,Normal,1,17.57
3/1/2015,E,Delivered,Normal,5,48.95
3/2/2015,A,Delivered,Normal,1,7.68
3/2/2015,B,Cancelled,Discount,50,333.02
3/2/2015,B,Cancelled,Normal,96,960.44
3/2/2015,B,Delivered,Discount,47,330.95
3/2/2015,B,Delivered,Normal,272,2709.09
3/2/2015,C,Cancelled,Discount,19,123.88
3/2/2015,C,Cancelled,Normal,4,53.15
3/2/2015,C,Delivered,Discount,5,34.32
3/2/2015,C,Delivered,Normal,27,284.9
3/2/2015,D,Cancelled,Normal,72,407.75
3/2/2015,D,Delivered,Normal,175,936.16
3/2/2015,E,Cancelled,Normal,12,136.42
3/2/2015,E,Delivered,Normal,15,165.1
3/3/2015,A,Cancelled,Normal,1,7.68
3/3/2015,A,Delivered,Normal,1,15.58
3/3/2015,B,Cancelled,Discount,53,357.82
3/3/2015,B,Cancelled,Normal,169,1530.7
3/3/2015,B,Delivered,Discount,45,317.12
3/3/2015,B,Delivered,Normal,191,1859.71
3/3/2015,C,Cancelled,Discount,3,17.85
3/3/2015,C,Cancelled,Normal,3,40.6
3/3/2015,C,Delivered,Discount,4,27.08
3/3/2015,C,Delivered,Normal,32,314.61
3/3/2015,D,Cancelled,Discount,7,30.48
3/3/2015,D,Cancelled,Normal,111,445.38
3/3/2015,D,Delivered,Discount,7,20.32
3/3/2015,D,Delivered,Normal,99,462.53
3/3/2015,E,Cancelled,Normal,3,23.03
3/3/2015,E,Delivered,Normal,5,49.13
3/4/2015,B,Cancelled,Discount,28,189.08
3/4/2015,B,Cancelled,Normal,92,975.06
3/4/2015,B,Delivered,Discount,47,320.84
3/4/2015,B,Delivered,Normal,114,1058.78
3/4/2015,C,Cancelled,Discount,8,54.16
3/4/2015,C,Cancelled,Normal,3,35.22
3/4/2015,C,Delivered,Discount,4,31.82
3/4/2015,C,Delivered,Normal,1,8.81
3/4/2015,D,Cancelled,Discount,1,4.52
3/4/2015,D,Cancelled,Normal,95,405.47
3/4/2015,D,Delivered,Discount,1,2.71
3/4/2015,D,Delivered,Normal,84,392.74
3/4/2015,E,Cancelled,Normal,1,15.13
3/4/2015,E,Delivered,Normal,1,17.57
3/5/2015,A,Delivered,Normal,1,11.29
3/5/2015,B,Cancelled,Discount,18,117.23
3/5/2015,B,Cancelled,Normal,95,1011.39
3/5/2015,B,Delivered,Discount,34,222.95
3/5/2015,B,Delivered,Normal,142,1372.43
3/5/2015,C,Cancelled,Discount,3,17.7
3/5/2015,C,Cancelled,Normal,1,18.02
3/5/2015,C,Delivered,Discount,3,21.08
3/5/2015,C,Delivered,Normal,5,63.09
3/5/2015,D,Cancelled,Normal,58,312.61
3/5/2015,D,Delivered,Discount,1,4.52
3/5/2015,D,Delivered,Normal,157,785.54
3/5/2015,E,Delivered,Normal,1,16.93
3/6/2015,A,Delivered,Normal,4,14.68
3/6/2015,B,Cancelled,Normal,91,884.52
3/6/2015,B,Delivered,Discount,7,59.4
3/6/2015,B,Delivered,Normal,256,2597.45
3/6/2015,C,Cancelled,Discount,5,41.69
3/6/2015,C,Delivered,Discount,4,26.39
3/6/2015,C,Delivered,Normal,34,287.38
3/6/2015,D,Cancelled,Normal,76,290.99
3/6/2015,D,Delivered,Normal,161,852.71
3/6/2015,E,Cancelled,Normal,1,15.13
3/6/2015,E,Delivered,Normal,7,76.54
3/7/2015,A,Cancelled,Normal,12,39.51
3/7/2015,A,Delivered,Normal,4,11.29
3/7/2015,B,Cancelled,Discount,5,35.04
3/7/2015,B,Cancelled,Normal,145,1426.15
3/7/2015,B,Delivered,Discount,15,118.15
3/7/2015,B,Delivered,Normal,195,1791.53
3/7/2015,C,Cancelled,Normal,8,79.34
3/7/2015,C,Delivered,Discount,23,157.42
3/7/2015,C,Delivered,Normal,9,95.56
3/7/2015,D,Cancelled,Discount,1,11.87
3/7/2015,D,Cancelled,Normal,84,442.78
3/7/2015,D,Delivered,Discount,5,24.39
3/7/2015,D,Delivered,Normal,137,607.36
3/7/2015,E,Delivered,Normal,7,64.08
3/8/2015,A,Cancelled,Normal,20,69.77
3/8/2015,A,Delivered,Normal,18,78.24
3/8/2015,B,Cancelled,Discount,5,38.43
3/8/2015,B,Cancelled,Normal,145,1493.74
3/8/2015,B,Delivered,Discount,18,147.3
3/8/2015,B,Delivered,Normal,295,2913.71
3/8/2015,C,Cancelled,Discount,5,37.22
3/8/2015,C,Cancelled,Normal,8,80.56
3/8/2015,C,Delivered,Discount,11,74.43
3/8/2015,C,Delivered,Normal,11,104.27
3/8/2015,D,Cancelled,Discount,19,85.35
3/8/2015,D,Cancelled,Normal,123,555.76
3/8/2015,D,Delivered,Discount,3,23.74
3/8/2015,D,Delivered,Normal,184,774.67
3/8/2015,E,Delivered,Normal,5,50.58
3/9/2015,A,Cancelled,Normal,3,8.47
3/9/2015,A,Delivered,Normal,7,25.4
3/9/2015,B,Cancelled,Discount,15,120.81
3/9/2015,B,Cancelled,Normal,150,1382.07
3/9/2015,B,Delivered,Discount,15,95.78
3/9/2015,B,Delivered,Normal,210,1930.95
3/9/2015,C,Cancelled,Discount,7,44.33
3/9/2015,C,Cancelled,Normal,4,58.71
3/9/2015,C,Delivered,Discount,16,108.32
3/9/2015,C,Delivered,Normal,1,22.58
3/9/2015,D,Cancelled,Normal,119,435.73
3/9/2015,D,Delivered,Discount,8,36.58
3/9/2015,D,Delivered,Normal,127,508.45
3/9/2015,E,Delivered,Normal,1,11.97
3/10/2015,A,Cancelled,Normal,1,7.68
3/10/2015,A,Delivered,Normal,7,20.66
3/10/2015,B,Cancelled,Discount,8,50.65
3/10/2015,B,Cancelled,Normal,139,1323.76
3/10/2015,B,Delivered,Discount,12,100.51
3/10/2015,B,Delivered,Normal,230,2089.19
3/10/2015,C,Cancelled,Discount,4,26.17
3/10/2015,C,Cancelled,Normal,1,8.99
3/10/2015,C,Delivered,Discount,3,17.85
3/10/2015,C,Delivered,Normal,9,83.09
3/10/2015,D,Cancelled,Discount,12,85.76
3/10/2015,D,Cancelled,Normal,148,584.39
3/10/2015,D,Delivered,Discount,18,133.71
3/10/2015,D,Delivered,Normal,175,656.19
3/11/2015,A,Delivered,Normal,1,2.82
3/11/2015,B,Cancelled,Discount,8,64.47
3/11/2015,B,Cancelled,Normal,97,1065.5
3/11/2015,B,Delivered,Discount,19,150.54
3/11/2015,B,Delivered,Normal,131,1271.28
3/11/2015,C,Cancelled,Discount,3,17.55
3/11/2015,C,Cancelled,Normal,7,49.99
3/11/2015,C,Delivered,Discount,9,65.2
3/11/2015,C,Delivered,Normal,11,108.06
3/11/2015,D,Cancelled,Discount,9,72.95
3/11/2015,D,Cancelled,Normal,843,8117.17
3/11/2015,D,Delivered,Discount,7,55.88
3/11/2015,D,Delivered,Normal,746,6635.53
3/11/2015,E,Cancelled,Normal,3,28.45
3/11/2015,E,Delivered,Normal,3,41.09
3/12/2015,A,Cancelled,Normal,1,7.68
3/12/2015,A,Delivered,Normal,5,11.29
3/12/2015,B,Cancelled,Discount,5,32.67
3/12/2015,B,Cancelled,Normal,119,1113.36
3/12/2015,B,Delivered,Discount,14,97.44
3/12/2015,B,Delivered,Normal,142,1409.71
3/12/2015,C,Cancelled,Discount,1,9.53
3/12/2015,C,Cancelled,Normal,7,87.92
3/12/2015,C,Delivered,Discount,1,8.93
3/12/2015,D,Cancelled,Discount,9,71.73
3/12/2015,D,Cancelled,Normal,288,2274.25
3/12/2015,D,Delivered,Discount,26,189.19
3/12/2015,D,Delivered,Normal,310,2196.37
3/12/2015,E,Cancelled,Normal,1,17.57
3/13/2015,A,Cancelled,Normal,1,11.29
3/13/2015,A,Delivered,Normal,3,18.97
3/13/2015,B,Cancelled,Discount,27,166.56
3/13/2015,B,Cancelled,Normal,83,731.59
3/13/2015,B,Delivered,Discount,41,257.79
3/13/2015,B,Delivered,Normal,210,2126.15
3/13/2015,C,Cancelled,Discount,4,27.08
3/13/2015,C,Cancelled,Normal,3,17.97
3/13/2015,C,Delivered,Normal,3,33.33
3/13/2015,D,Cancelled,Discount,12,83.52
3/13/2015,D,Cancelled,Normal,198,1337
3/13/2015,D,Delivered,Discount,32,222.2
3/13/2015,D,Delivered,Normal,195,1003.75
3/13/2015,E,Cancelled,Normal,1,12.87
3/14/2015,A,Delivered,Normal,5,29.47
3/14/2015,B,Cancelled,Discount,87,518.36
3/14/2015,B,Cancelled,Normal,156,1572.77
3/14/2015,B,Delivered,Discount,78,489.72
3/14/2015,B,Delivered,Normal,146,1300.8
3/14/2015,C,Cancelled,Normal,3,28.36
3/14/2015,C,Delivered,Discount,9,67.1
3/14/2015,C,Delivered,Normal,14,194.81
3/14/2015,D,Cancelled,Discount,9,64.01
3/14/2015,D,Cancelled,Normal,125,777.31
3/14/2015,D,Delivered,Discount,28,202.81
3/14/2015,D,Delivered,Normal,283,1505.24
3/14/2015,E,Cancelled,Discount,11,81.07
3/14/2015,E,Cancelled,Normal,5,52.56
3/14/2015,E,Delivered,Discount,1,8.64
3/14/2015,E,Delivered,Normal,1,11.97
3/15/2015,B,Cancelled,Discount,84,533.68
3/15/2015,B,Cancelled,Normal,160,1626.93
3/15/2015,B,Delivered,Discount,104,605.67
3/15/2015,B,Delivered,Normal,175,1883.69
3/15/2015,C,Cancelled,Discount,1,9.83
3/15/2015,C,Cancelled,Normal,1,8.99
3/15/2015,C,Delivered,Discount,7,47.2
3/15/2015,C,Delivered,Normal,7,60.6
3/15/2015,D,Cancelled,Discount,9,65.84
3/15/2015,D,Cancelled,Normal,103,632.43
3/15/2015,D,Delivered,Discount,24,167.65
3/15/2015,D,Delivered,Normal,160,680.11
3/15/2015,E,Cancelled,Discount,14,105.4
3/15/2015,E,Cancelled,Normal,3,43.53
3/15/2015,E,Delivered,Discount,5,41.62
3/15/2015,E,Delivered,Normal,1,11.97
3/16/2015,A,Cancelled,Normal,1,11.29
3/16/2015,A,Delivered,Normal,1,7.68
3/16/2015,B,Cancelled,Discount,72,415.4
3/16/2015,B,Cancelled,Normal,137,1377.5
3/16/2015,B,Delivered,Discount,115,739.12
3/16/2015,B,Delivered,Normal,194,1956.62
3/16/2015,C,Cancelled,Discount,1,9.83
3/16/2015,C,Cancelled,Normal,3,37.66
3/16/2015,C,Delivered,Discount,7,49.9
3/16/2015,C,Delivered,Normal,5,77.36
3/16/2015,D,Cancelled,Discount,47,312.1
3/16/2015,D,Cancelled,Normal,126,537.42
3/16/2015,D,Delivered,Discount,30,149.29
3/16/2015,D,Delivered,Normal,225,750.26
3/16/2015,E,Cancelled,Discount,9,72.7
3/16/2015,E,Delivered,Discount,8,63.24
3/16/2015,E,Delivered,Normal,1,13.32
3/17/2015,A,Delivered,Normal,3,14.11
3/17/2015,B,Cancelled,Discount,127,706.2
3/17/2015,B,Cancelled,Normal,142,1460.5
3/17/2015,B,Delivered,Discount,141,758.65
3/17/2015,B,Delivered,Normal,203,2610.93
3/17/2015,C,Cancelled,Discount,9,63.24
3/17/2015,C,Cancelled,Normal,3,25.24
3/17/2015,C,Delivered,Discount,5,39.02
3/17/2015,C,Delivered,Normal,11,124.91
3/17/2015,D,Cancelled,Discount,15,68.25
3/17/2015,D,Cancelled,Normal,116,554.85
3/17/2015,D,Delivered,Discount,19,96.63
3/17/2015,D,Delivered,Normal,160,589.72
3/17/2015,E,Cancelled,Discount,3,20.54
3/17/2015,E,Cancelled,Normal,1,11.97
3/17/2015,E,Delivered,Discount,11,79.29
3/18/2015,B,Cancelled,Discount,114,600.55
3/18/2015,B,Cancelled,Normal,303,6620.98
3/18/2015,B,Delivered,Discount,116,673.78
3/18/2015,B,Delivered,Normal,183,3273.42
3/18/2015,C,Delivered,Discount,8,52.58
3/18/2015,C,Delivered,Normal,5,48.59
3/18/2015,D,Cancelled,Discount,38,100.26
3/18/2015,D,Cancelled,Normal,83,397.97
3/18/2015,D,Delivered,Discount,24,101.06
3/18/2015,D,Delivered,Normal,153,543.88
3/18/2015,E,Cancelled,Discount,3,21.08
3/18/2015,E,Cancelled,Normal,1,18.02
3/18/2015,E,Delivered,Normal,1,12.87
3/19/2015,A,Cancelled,Normal,1,7.68
3/19/2015,B,Cancelled,Discount,72,412.66
3/19/2015,B,Cancelled,Normal,176,3012.95
3/19/2015,B,Delivered,Discount,123,721.67
3/19/2015,B,Delivered,Normal,218,2558.86
3/19/2015,C,Cancelled,Normal,3,29.71
3/19/2015,C,Delivered,Discount,12,75.6
3/19/2015,C,Delivered,Normal,7,74.74
3/19/2015,D,Cancelled,Discount,28,121.88
3/19/2015,D,Cancelled,Normal,160,575.15
3/19/2015,D,Delivered,Discount,27,86.28
3/19/2015,D,Delivered,Normal,139,516.71
3/19/2015,E,Cancelled,Discount,1,17.88
3/19/2015,E,Delivered,Discount,1,10.54
3/20/2015,A,Delivered,Normal,1,2.82
3/20/2015,B,Cancelled,Discount,100,597.66
3/20/2015,B,Cancelled,Normal,89,1351.44
3/20/2015,B,Delivered,Discount,145,795.68
3/20/2015,B,Delivered,Normal,188,2430.09
3/20/2015,C,Cancelled,Discount,3,24.59
3/20/2015,C,Cancelled,Normal,1,17.12
3/20/2015,C,Delivered,Discount,14,113.38
3/20/2015,C,Delivered,Normal,19,206.96
3/20/2015,D,Cancelled,Discount,54,146.92
3/20/2015,D,Cancelled,Normal,99,426.98
3/20/2015,D,Delivered,Discount,73,224.88
3/20/2015,D,Delivered,Normal,191,615.86
3/20/2015,E,Cancelled,Normal,7,80.43
3/20/2015,E,Delivered,Discount,3,46.33
3/21/2015,A,Cancelled,Normal,1,7.68
3/21/2015,A,Delivered,Normal,4,30.93
3/21/2015,B,Cancelled,Discount,89,526.38
3/21/2015,B,Cancelled,Normal,114,1387.08
3/21/2015,B,Delivered,Discount,166,965.87
3/21/2015,B,Delivered,Normal,191,2083.1
3/21/2015,C,Cancelled,Discount,1,8.53
3/21/2015,C,Cancelled,Normal,16,140.35
3/21/2015,C,Delivered,Discount,20,116.31
3/21/2015,C,Delivered,Normal,14,126.9
3/21/2015,D,Cancelled,Discount,15,55.67
3/21/2015,D,Cancelled,Normal,55,260.4
3/21/2015,D,Delivered,Discount,35,156.71
3/21/2015,D,Delivered,Normal,112,422.29
3/21/2015,E,Cancelled,Discount,1,17.88
3/21/2015,E,Delivered,Discount,4,28.37
3/21/2015,E,Delivered,Normal,1,11.97
3/22/2015,B,Cancelled,Discount,135,796.95
3/22/2015,B,Cancelled,Normal,112,1322.74
3/22/2015,B,Delivered,Discount,183,1094.75
3/22/2015,B,Delivered,Normal,158,1709.6
3/22/2015,C,Cancelled,Discount,7,44.17
3/22/2015,C,Cancelled,Normal,1,13.5
3/22/2015,C,Delivered,Discount,8,51.34
3/22/2015,C,Delivered,Normal,11,125
3/22/2015,D,Cancelled,Discount,23,62.1
3/22/2015,D,Cancelled,Normal,61,322.35
3/22/2015,D,Delivered,Discount,39,141
3/22/2015,D,Delivered,Normal,120,426.57
3/22/2015,E,Cancelled,Discount,3,18.42
3/22/2015,E,Cancelled,Normal,4,36.98
3/22/2015,E,Delivered,Discount,3,20.11
3/22/2015,E,Delivered,Normal,1,17.57
3/23/2015,A,Cancelled,Normal,1,9.93
3/23/2015,A,Delivered,Normal,1,7.68
3/23/2015,B,Cancelled,Discount,138,788.29
3/23/2015,B,Cancelled,Normal,138,1548.45
3/23/2015,B,Delivered,Discount,234,1436.57
3/23/2015,B,Delivered,Normal,250,2468.08
3/23/2015,C,Cancelled,Discount,1,8.93
3/23/2015,C,Cancelled,Normal,1,19.37
3/23/2015,C,Delivered,Discount,8,60.78
3/23/2015,C,Delivered,Normal,8,80.16
3/23/2015,D,Cancelled,Discount,18,109.67
3/23/2015,D,Cancelled,Normal,55,245.94
3/23/2015,D,Delivered,Discount,49,192.32
3/23/2015,D,Delivered,Normal,123,492.13
3/23/2015,E,Cancelled,Discount,8,54.19
3/23/2015,E,Cancelled,Normal,7,59.84
3/23/2015,E,Delivered,Discount,7,51
3/23/2015,E,Delivered,Normal,4,32.29
3/24/2015,A,Cancelled,Normal,1,9.93
3/24/2015,A,Delivered,Normal,3,19.86
3/24/2015,B,Cancelled,Discount,125,790.69
3/24/2015,B,Cancelled,Normal,171,1699.3
3/24/2015,B,Delivered,Discount,240,1469.17
3/24/2015,B,Delivered,Normal,214,2115.28
3/24/2015,C,Cancelled,Discount,7,56.03
3/24/2015,C,Cancelled,Normal,19,250.49
3/24/2015,C,Delivered,Discount,12,87.31
3/24/2015,C,Delivered,Normal,5,46.78
3/24/2015,D,Cancelled,Discount,19,107.83
3/24/2015,D,Cancelled,Normal,97,470.02
3/24/2015,D,Delivered,Discount,41,161.18
3/24/2015,D,Delivered,Normal,158,587.96
3/24/2015,E,Cancelled,Discount,5,50.1
3/24/2015,E,Cancelled,Normal,7,45.38
3/24/2015,E,Delivered,Discount,3,15.9
3/24/2015,E,Delivered,Normal,5,44.71
3/25/2015,A,Cancelled,Normal,3,18.97
3/25/2015,A,Delivered,Normal,3,18.97
3/25/2015,B,Cancelled,Discount,200,1104.07
3/25/2015,B,Cancelled,Normal,107,1134.59
3/25/2015,B,Delivered,Discount,231,1299.61
3/25/2015,B,Delivered,Normal,120,1188.01
3/25/2015,C,Cancelled,Discount,3,17.85
3/25/2015,C,Cancelled,Normal,3,27
3/25/2015,C,Delivered,Discount,7,46.88
3/25/2015,C,Delivered,Normal,7,67.11
3/25/2015,D,Cancelled,Discount,30,119.47
3/25/2015,D,Cancelled,Normal,145,478.47
3/25/2015,D,Delivered,Discount,23,126.33
3/25/2015,D,Delivered,Normal,116,450.16
3/25/2015,E,Cancelled,Discount,4,34.14
3/25/2015,E,Cancelled,Normal,1,12.42
3/25/2015,E,Delivered,Discount,15,128.93
3/25/2015,E,Delivered,Normal,4,36.35
3/26/2015,A,Delivered,Normal,4,26.64
3/26/2015,B,Cancelled,Discount,116,664.93
3/26/2015,B,Cancelled,Normal,115,1238.1
3/26/2015,B,Delivered,Discount,215,1212.18
3/26/2015,B,Delivered,Normal,183,1835.34
3/26/2015,C,Cancelled,Discount,1,9.08
3/26/2015,C,Cancelled,Normal,4,57.49
3/26/2015,C,Delivered,Discount,1,9.53
3/26/2015,C,Delivered,Normal,11,127.71
3/26/2015,D,Cancelled,Discount,20,125.83
3/26/2015,D,Cancelled,Normal,69,285.75
3/26/2015,D,Delivered,Discount,42,228.84
3/26/2015,D,Delivered,Normal,217,687.7
3/26/2015,E,Cancelled,Discount,3,30.71
3/26/2015,E,Delivered,Discount,4,45.34
3/26/2015,E,Delivered,Normal,9,81.51
3/27/2015,A,Cancelled,Normal,1,11.29
3/27/2015,B,Cancelled,Discount,184,1079.74
3/27/2015,B,Cancelled,Normal,141,1300.07
3/27/2015,B,Delivered,Discount,344,2064.25
3/27/2015,B,Delivered,Normal,253,2444.59
3/27/2015,C,Cancelled,Discount,1,9.83
3/27/2015,C,Cancelled,Normal,4,43.6
3/27/2015,C,Delivered,Discount,8,56.93
3/27/2015,C,Delivered,Normal,5,64.58
3/27/2015,D,Cancelled,Discount,57,290.26
3/27/2015,D,Cancelled,Normal,111,421.25
3/27/2015,D,Delivered,Discount,61,316.46
3/27/2015,D,Delivered,Normal,157,539.81
3/27/2015,E,Cancelled,Normal,5,49.22
3/27/2015,E,Delivered,Discount,9,68.59
3/27/2015,E,Delivered,Normal,14,118.77
3/28/2015,A,Delivered,Normal,3,22.58
3/28/2015,B,Cancelled,Discount,99,635.27
3/28/2015,B,Cancelled,Normal,127,1229.06
3/28/2015,B,Delivered,Discount,177,1087.37
3/28/2015,B,Delivered,Normal,188,1732.37
3/28/2015,C,Cancelled,Discount,7,45.2
3/28/2015,C,Cancelled,Normal,7,58.44
3/28/2015,C,Delivered,Discount,3,20.93
3/28/2015,C,Delivered,Normal,9,102.22
3/28/2015,D,Cancelled,Discount,18,66.38
3/28/2015,D,Cancelled,Normal,106,548.82
3/28/2015,D,Delivered,Discount,49,144.92
3/28/2015,D,Delivered,Normal,194,659.96
3/28/2015,E,Cancelled,Discount,7,55.22
3/28/2015,E,Cancelled,Normal,3,24.39
3/28/2015,E,Delivered,Discount,1,8.64
3/28/2015,E,Delivered,Normal,7,57.13
3/29/2015,B,Cancelled,Discount,112,849.44
3/29/2015,B,Cancelled,Normal,95,1007.59
3/29/2015,B,Delivered,Discount,225,1634.61
3/29/2015,B,Delivered,Normal,134,1257.24
3/29/2015,C,Cancelled,Discount,3,26.32
3/29/2015,C,Cancelled,Normal,8,72.84
3/29/2015,C,Delivered,Discount,5,50.63
3/29/2015,C,Delivered,Normal,9,87.43
3/29/2015,D,Cancelled,Discount,47,305.06
3/29/2015,D,Cancelled,Normal,57,200.37
3/29/2015,D,Delivered,Discount,74,481.09
3/29/2015,D,Delivered,Normal,127,577.39
3/29/2015,E,Cancelled,Discount,5,41.08
3/29/2015,E,Cancelled,Normal,9,84.22
3/29/2015,E,Delivered,Discount,1,10.54
3/29/2015,E,Delivered,Normal,9,78.8
3/30/2015,A,Delivered,Discount,1,1.28
3/30/2015,B,Cancelled,Discount,188,1820.09
3/30/2015,B,Cancelled,Normal,92,912.59
3/30/2015,B,Delivered,Discount,328,2488.67
3/30/2015,B,Delivered,Normal,149,1391.35
3/30/2015,C,Cancelled,Discount,20,162.85
3/30/2015,C,Cancelled,Normal,3,23.71
3/30/2015,C,Delivered,Discount,15,106.16
3/30/2015,C,Delivered,Normal,7,78.3
3/30/2015,D,Cancelled,Discount,96,707.28
3/30/2015,D,Cancelled,Normal,80,252.55
3/30/2015,D,Delivered,Discount,110,737.25
3/30/2015,D,Delivered,Normal,129,435.07
3/30/2015,E,Cancelled,Discount,4,27.76
3/30/2015,E,Delivered,Discount,1,10.54
3/30/2015,E,Delivered,Normal,11,92.57
3/31/2015,A,Delivered,Normal,1,11.29
3/31/2015,B,Cancelled,Discount,154,1120.82
3/31/2015,B,Cancelled,Normal,88,938.75
3/31/2015,B,Delivered,Discount,314,2303.71
3/31/2015,B,Delivered,Normal,152,1569.91
3/31/2015,C,Cancelled,Discount,4,33.83
3/31/2015,C,Cancelled,Normal,4,58.48
3/31/2015,C,Delivered,Discount,5,41.48
3/31/2015,C,Delivered,Normal,15,155.98
3/31/2015,D,Cancelled,Discount,54,386.85
3/31/2015,D,Cancelled,Normal,106,509.42
3/31/2015,D,Delivered,Discount,38,188.64
3/31/2015,D,Delivered,Normal,211,818.73
3/31/2015,E,Cancelled,Discount,3,13.37
3/31/2015,E,Delivered,Discount,4,26.68
3/31/2015,E,Delivered,Normal,7,59.38
4/1/2015,A,Cancelled,Normal,1,7.68
4/1/2015,B,Cancelled,Discount,43,312.14
4/1/2015,B,Cancelled,Normal,102,1014.77
4/1/2015,B,Delivered,Discount,57,463.77
4/1/2015,B,Delivered,Normal,152,1522.43
4/1/2015,C,Cancelled,Normal,12,129.38
4/1/2015,C,Delivered,Normal,11,107.25
4/1/2015,D,Cancelled,Discount,5,24.09
4/1/2015,D,Cancelled,Normal,58,282.35
4/1/2015,D,Delivered,Discount,15,24.45
4/1/2015,D,Delivered,Normal,162,498.23
4/1/2015,E,Cancelled,Discount,1,9.21
4/1/2015,E,Cancelled,Normal,3,26.87
4/1/2015,E,Delivered,Discount,3,18.42
4/1/2015,E,Delivered,Normal,3,24.39
4/2/2015,A,Delivered,Discount,3,18.96
4/2/2015,B,Cancelled,Discount,32,247.62
4/2/2015,B,Cancelled,Normal,107,1171.27
4/2/2015,B,Delivered,Discount,49,309.94
4/2/2015,B,Delivered,Normal,131,1211.19
4/2/2015,C,Cancelled,Normal,5,69.23
4/2/2015,C,Delivered,Normal,11,113.39
4/2/2015,D,Cancelled,Discount,3,7.56
4/2/2015,D,Cancelled,Normal,62,245.55
4/2/2015,D,Delivered,Discount,23,57.4
4/2/2015,D,Delivered,Normal,104,418.08
4/2/2015,E,Cancelled,Normal,5,50.35
4/2/2015,E,Delivered,Normal,7,58.03
4/3/2015,A,Cancelled,Normal,1,11.29
4/3/2015,A,Delivered,Normal,4,20.55
4/3/2015,B,Cancelled,Discount,47,304.84
4/3/2015,B,Cancelled,Normal,111,1158.57
4/3/2015,B,Delivered,Discount,89,632.24
4/3/2015,B,Delivered,Normal,199,1988.51
4/3/2015,C,Cancelled,Normal,4,61.33
4/3/2015,C,Delivered,Normal,12,140.85
4/3/2015,D,Cancelled,Discount,5,17.21
4/3/2015,D,Cancelled,Normal,51,209.46
4/3/2015,D,Delivered,Discount,19,47.99
4/3/2015,D,Delivered,Normal,156,566.58
4/3/2015,E,Cancelled,Discount,1,20.77
4/3/2015,E,Cancelled,Normal,5,44.26
4/3/2015,E,Delivered,Discount,3,19.51
4/3/2015,E,Delivered,Normal,8,75.64
4/4/2015,A,Cancelled,Normal,5,41.55
4/4/2015,A,Delivered,Normal,4,45.15
4/4/2015,B,Cancelled,Discount,73,557.12
4/4/2015,B,Cancelled,Normal,102,916.35
4/4/2015,B,Delivered,Discount,58,394.27
4/4/2015,B,Delivered,Normal,153,1470.71
4/4/2015,C,Delivered,Normal,12,118.13
4/4/2015,D,Cancelled,Discount,16,36.94
4/4/2015,D,Cancelled,Normal,146,579.59
4/4/2015,D,Delivered,Discount,9,20.08
4/4/2015,D,Delivered,Normal,122,402.82
4/4/2015,E,Cancelled,Discount,1,9.21
4/4/2015,E,Cancelled,Normal,4,33.64
4/4/2015,E,Delivered,Normal,3,24.39
4/5/2015,A,Cancelled,Normal,4,25.28
4/5/2015,B,Cancelled,Discount,39,260.16
4/5/2015,B,Cancelled,Normal,134,1256.19
4/5/2015,B,Delivered,Discount,88,622.53
4/5/2015,B,Delivered,Normal,210,2020.09
4/5/2015,C,Cancelled,Normal,7,78.4
4/5/2015,C,Delivered,Normal,15,159.5
4/5/2015,D,Cancelled,Discount,12,35.2
4/5/2015,D,Cancelled,Normal,103,409.53
4/5/2015,D,Delivered,Discount,20,71.42
4/5/2015,D,Delivered,Normal,177,753.04
4/5/2015,E,Cancelled,Discount,5,47.33
4/5/2015,E,Cancelled,Normal,8,67.92
4/5/2015,E,Delivered,Discount,3,19.15
4/5/2015,E,Delivered,Normal,8,79.21
4/6/2015,A,Cancelled,Normal,1,9.93
4/6/2015,B,Cancelled,Discount,54,363.46
4/6/2015,B,Cancelled,Normal,166,1468.03
4/6/2015,B,Delivered,Discount,88,584.46
4/6/2015,B,Delivered,Normal,175,1717.91
4/6/2015,C,Cancelled,Normal,4,64.53
4/6/2015,C,Delivered,Normal,3,31.52
4/6/2015,D,Cancelled,Discount,4,10.66
4/6/2015,D,Cancelled,Normal,80,295.89
4/6/2015,D,Delivered,Discount,8,26.59
4/6/2015,D,Delivered,Normal,131,615.1
4/6/2015,E,Cancelled,Normal,7,56.67
4/6/2015,E,Delivered,Discount,4,28.36
4/6/2015,E,Delivered,Normal,4,32.74
4/7/2015,A,Cancelled,Normal,1,22.57
4/7/2015,A,Delivered,Normal,5,49.22
4/7/2015,B,Cancelled,Discount,78,531.89
4/7/2015,B,Cancelled,Normal,168,1701.57
4/7/2015,B,Delivered,Discount,125,858.23
4/7/2015,B,Delivered,Normal,259,2493.25
4/7/2015,C,Cancelled,Normal,8,99.21
4/7/2015,C,Delivered,Normal,12,110.14
4/7/2015,D,Cancelled,Discount,15,41.73
4/7/2015,D,Cancelled,Normal,177,869.64
4/7/2015,D,Delivered,Discount,22,63.1
4/7/2015,D,Delivered,Normal,276,1537.13
4/7/2015,E,Cancelled,Discount,3,27.1
4/7/2015,E,Cancelled,Normal,7,65.62
4/7/2015,E,Delivered,Discount,5,39.02
4/7/2015,E,Delivered,Normal,4,47.1
4/8/2015,A,Cancelled,Normal,1,22.57
4/8/2015,B,Cancelled,Discount,34,228.5
4/8/2015,B,Cancelled,Normal,96,968.39
4/8/2015,B,Delivered,Discount,45,254.14
4/8/2015,B,Delivered,Normal,143,1505.43
4/8/2015,C,Cancelled,Normal,4,38.79
4/8/2015,C,Delivered,Normal,1,18.02
4/8/2015,D,Cancelled,Discount,5,15.33
4/8/2015,D,Cancelled,Normal,76,282.17
4/8/2015,D,Delivered,Discount,14,45.32
4/8/2015,D,Delivered,Normal,183,843.15
4/8/2015,E,Cancelled,Normal,1,11.97
4/8/2015,E,Delivered,Normal,1,11.97
4/9/2015,A,Delivered,Discount,5,27.8
4/9/2015,B,Cancelled,Discount,27,164.85
4/9/2015,B,Cancelled,Normal,74,711.92
4/9/2015,B,Delivered,Discount,84,607.98
4/9/2015,B,Delivered,Normal,138,1307.84
4/9/2015,C,Delivered,Normal,7,60.6
4/9/2015,D,Cancelled,Discount,31,101.36
4/9/2015,D,Cancelled,Normal,53,289.38
4/9/2015,D,Delivered,Discount,9,28.28
4/9/2015,D,Delivered,Normal,195,775.34
4/9/2015,E,Cancelled,Discount,3,27.46
4/9/2015,E,Cancelled,Normal,3,28.63
4/9/2015,E,Delivered,Discount,3,16.26
4/9/2015,E,Delivered,Normal,3,24.84
4/10/2015,A,Delivered,Normal,4,33.87
4/10/2015,B,Cancelled,Discount,38,240.93
4/10/2015,B,Cancelled,Normal,129,1290.8
4/10/2015,B,Delivered,Discount,65,424.47
4/10/2015,B,Delivered,Normal,210,2002.13
4/10/2015,C,Cancelled,Normal,8,104.99
4/10/2015,C,Delivered,Discount,1,12.15
4/10/2015,C,Delivered,Normal,12,117.1
4/10/2015,D,Cancelled,Discount,3,6.65
4/10/2015,D,Cancelled,Normal,110,641.72
4/10/2015,D,Delivered,Discount,12,24.15
4/10/2015,D,Delivered,Normal,179,893.47
4/10/2015,E,Cancelled,Normal,9,66.16
4/10/2015,E,Delivered,Normal,9,74.01
4/11/2015,A,Cancelled,Discount,3,13.48
4/11/2015,A,Cancelled,Normal,3,40.18
4/11/2015,A,Delivered,Discount,1,6.53
4/11/2015,A,Delivered,Normal,4,46.5
4/11/2015,B,Cancelled,Discount,269,1647.63
4/11/2015,B,Cancelled,Normal,102,855.62
4/11/2015,B,Delivered,Discount,392,2508.98
4/11/2015,B,Delivered,Normal,152,1637.59
4/11/2015,C,Cancelled,Discount,9,54.33
4/11/2015,C,Cancelled,Normal,1,13.32
4/11/2015,C,Delivered,Discount,14,80.45
4/11/2015,C,Delivered,Normal,3,18.47
4/11/2015,D,Cancelled,Discount,20,76.3
4/11/2015,D,Cancelled,Normal,69,339.56
4/11/2015,D,Delivered,Discount,51,174.6
4/11/2015,D,Delivered,Normal,180,846.54
4/11/2015,E,Cancelled,Discount,1,13.19
4/11/2015,E,Cancelled,Normal,1,8.35
4/11/2015,E,Delivered,Discount,3,16.26
4/11/2015,E,Delivered,Normal,11,92.57
4/12/2015,A,Cancelled,Discount,1,6.53
4/12/2015,A,Delivered,Discount,1,6.95
4/12/2015,A,Delivered,Normal,1,7.68
4/12/2015,B,Cancelled,Discount,248,1510.15
4/12/2015,B,Cancelled,Normal,47,522.03
4/12/2015,B,Delivered,Discount,426,2570.72
4/12/2015,B,Delivered,Normal,106,1090.05
4/12/2015,C,Cancelled,Discount,22,146.31
4/12/2015,C,Cancelled,Normal,5,63.22
4/12/2015,C,Delivered,Discount,12,77.24
4/12/2015,D,Cancelled,Discount,28,118.61
4/12/2015,D,Cancelled,Normal,77,347.64
4/12/2015,D,Delivered,Discount,26,88.21
4/12/2015,D,Delivered,Normal,134,689.16
4/12/2015,E,Cancelled,Discount,3,33.96
4/12/2015,E,Cancelled,Normal,1,11.97
4/12/2015,E,Delivered,Discount,1,9.21
4/12/2015,E,Delivered,Normal,5,48.05
4/13/2015,A,Delivered,Discount,1,6.53
4/13/2015,B,Cancelled,Discount,330,2042.96
4/13/2015,B,Cancelled,Normal,84,914.49
4/13/2015,B,Delivered,Discount,486,3111.16
4/13/2015,B,Delivered,Normal,154,1466.12
4/13/2015,C,Cancelled,Discount,7,45.7
4/13/2015,C,Cancelled,Normal,3,22.13
4/13/2015,C,Delivered,Discount,11,76.27
4/13/2015,C,Delivered,Normal,8,75.91
4/13/2015,D,Cancelled,Discount,55,205.08
4/13/2015,D,Cancelled,Normal,89,431.9
4/13/2015,D,Delivered,Discount,73,191.24
4/13/2015,D,Delivered,Normal,139,605.77
4/13/2015,E,Cancelled,Discount,1,13.19
4/13/2015,E,Cancelled,Normal,3,29.99
4/13/2015,E,Delivered,Normal,5,53.47
4/14/2015,A,Cancelled,Normal,1,17.61
4/14/2015,B,Cancelled,Discount,96,623.88
4/14/2015,B,Cancelled,Normal,118,1298.6
4/14/2015,B,Delivered,Discount,131,832.35
4/14/2015,B,Delivered,Normal,84,913.8
4/14/2015,C,Cancelled,Normal,4,38.84
4/14/2015,C,Delivered,Discount,3,20.24
4/14/2015,C,Delivered,Normal,8,77.27
4/14/2015,D,Cancelled,Discount,14,28.37
4/14/2015,D,Cancelled,Normal,73,422.53
4/14/2015,D,Delivered,Discount,27,57.69
4/14/2015,D,Delivered,Normal,112,487.87
4/14/2015,E,Cancelled,Normal,7,68.14
4/14/2015,E,Delivered,Discount,1,6.68
4/15/2015,A,Delivered,Normal,1,17.61
4/15/2015,B,Cancelled,Discount,65,417.33
4/15/2015,B,Cancelled,Normal,88,890.98
4/15/2015,B,Delivered,Discount,131,813.8
4/15/2015,B,Delivered,Normal,102,1114.41
4/15/2015,C,Cancelled,Discount,1,8.53
4/15/2015,C,Cancelled,Normal,4,38.11
4/15/2015,C,Delivered,Discount,1,8.53
4/15/2015,C,Delivered,Normal,8,79.93
4/15/2015,D,Cancelled,Discount,8,19.11
4/15/2015,D,Cancelled,Normal,58,249.03
4/15/2015,D,Delivered,Discount,18,28.31
4/15/2015,D,Delivered,Normal,93,490.77
4/15/2015,E,Cancelled,Discount,3,13.37
4/15/2015,E,Cancelled,Normal,4,41.5
4/15/2015,E,Delivered,Normal,8,89.28
4/16/2015,A,Delivered,Normal,3,52.37
4/16/2015,B,Cancelled,Discount,61,349.03
4/16/2015,B,Cancelled,Normal,53,550.86
4/16/2015,B,Delivered,Discount,76,676.59
4/16/2015,B,Delivered,Normal,123,1268.34
4/16/2015,C,Cancelled,Normal,1,13.55
4/16/2015,C,Delivered,Discount,1,8.09
4/16/2015,C,Delivered,Normal,12,114.39
4/16/2015,D,Cancelled,Discount,3,2.57
4/16/2015,D,Cancelled,Normal,27,153.09
4/16/2015,D,Delivered,Discount,16,28.46
4/16/2015,D,Delivered,Normal,103,394.22
4/16/2015,E,Cancelled,Normal,7,47.64
4/16/2015,E,Delivered,Normal,4,36.35
4/17/2015,A,Cancelled,Normal,5,44.25
4/17/2015,A,Delivered,Normal,3,42.44
4/17/2015,B,Cancelled,Discount,106,621.4
4/17/2015,B,Cancelled,Normal,89,832.88
4/17/2015,B,Delivered,Discount,160,988.77
4/17/2015,B,Delivered,Normal,150,1483.88
4/17/2015,C,Cancelled,Normal,4,48.46
4/17/2015,C,Delivered,Discount,1,8.53
4/17/2015,C,Delivered,Normal,9,89.59
4/17/2015,D,Cancelled,Discount,3,5.14
4/17/2015,D,Cancelled,Normal,51,309.76
4/17/2015,D,Delivered,Discount,42,106.01
4/17/2015,D,Delivered,Normal,139,685.5
4/17/2015,E,Cancelled,Discount,1,9.93
4/17/2015,E,Cancelled,Normal,1,8.35
4/17/2015,E,Delivered,Discount,1,20.77
4/17/2015,E,Delivered,Normal,3,30.44
4/18/2015,B,Cancelled,Discount,102,544.57
4/18/2015,B,Cancelled,Normal,112,1207.91
4/18/2015,B,Delivered,Discount,126,842.66
4/18/2015,B,Delivered,Normal,127,1237.58
4/18/2015,C,Cancelled,Normal,15,126.13
4/18/2015,C,Delivered,Normal,12,121.21
4/18/2015,D,Cancelled,Discount,14,32.49
4/18/2015,D,Cancelled,Normal,84,470.62
4/18/2015,D,Delivered,Discount,15,35.47
4/18/2015,D,Delivered,Normal,149,713.07
4/18/2015,E,Cancelled,Normal,1,8.35
4/18/2015,E,Delivered,Discount,1,9.57
4/18/2015,E,Delivered,Normal,1,11.97
4/19/2015,A,Cancelled,Discount,9,46.53
4/19/2015,A,Cancelled,Normal,1,17.61
4/19/2015,A,Delivered,Discount,15,75.7
4/19/2015,A,Delivered,Normal,3,27.09
4/19/2015,B,Cancelled,Discount,582,3821.51
4/19/2015,B,Cancelled,Normal,223,2198.74
4/19/2015,B,Delivered,Discount,889,5734.96
4/19/2015,B,Delivered,Normal,397,4382.13
4/19/2015,C,Cancelled,Discount,11,91.45
4/19/2015,C,Cancelled,Normal,9,102.24
4/19/2015,C,Delivered,Discount,9,79.74
4/19/2015,C,Delivered,Normal,28,265.08
4/19/2015,D,Cancelled,Discount,66,172.29
4/19/2015,D,Cancelled,Normal,210,1159.09
4/19/2015,D,Delivered,Discount,115,304.31
4/19/2015,D,Delivered,Normal,376,1716.84
4/19/2015,E,Cancelled,Discount,8,57.8
4/19/2015,E,Cancelled,Normal,11,106.08
4/19/2015,E,Delivered,Discount,12,89.41
4/19/2015,E,Delivered,Normal,16,154.44
4/20/2015,A,Cancelled,Normal,3,17.61
4/20/2015,B,Cancelled,Discount,104,714.04
4/20/2015,B,Cancelled,Normal,106,1030.11
4/20/2015,B,Delivered,Discount,99,616.29
4/20/2015,B,Delivered,Normal,127,1206.27
4/20/2015,C,Cancelled,Normal,7,62.41
4/20/2015,C,Delivered,Normal,4,38.57
4/20/2015,D,Cancelled,Discount,23,44.99
4/20/2015,D,Cancelled,Normal,50,255.89
4/20/2015,D,Delivered,Discount,24,56.43
4/20/2015,D,Delivered,Normal,89,329.54
4/20/2015,E,Cancelled,Discount,3,18.79
4/20/2015,E,Cancelled,Normal,1,11.97
4/20/2015,E,Delivered,Normal,1,8.35
4/21/2015,B,Cancelled,Discount,204,1196.54
4/21/2015,B,Cancelled,Normal,154,3124.28
4/21/2015,B,Delivered,Discount,244,1460.66
4/21/2015,B,Delivered,Normal,168,2720.14
4/21/2015,C,Cancelled,Normal,9,74.47
4/21/2015,C,Delivered,Discount,1,12.15
4/21/2015,C,Delivered,Normal,11,133.13
4/21/2015,D,Cancelled,Discount,89,231.88
4/21/2015,D,Cancelled,Normal,64,252.7
4/21/2015,D,Delivered,Discount,80,232.49
4/21/2015,D,Delivered,Normal,110,366.28
4/21/2015,E,Cancelled,Normal,1,8.35
4/21/2015,E,Delivered,Discount,1,9.93
4/21/2015,E,Delivered,Normal,3,20.32
4/22/2015,A,Delivered,Normal,1,13.54
4/22/2015,B,Cancelled,Discount,227,1208.89
4/22/2015,B,Cancelled,Normal,92,1182.79
4/22/2015,B,Delivered,Discount,267,1497.64
4/22/2015,B,Delivered,Normal,97,1198.05
4/22/2015,C,Cancelled,Discount,5,48.61
4/22/2015,C,Cancelled,Normal,5,53.65
4/22/2015,C,Delivered,Discount,1,12.15
4/22/2015,C,Delivered,Normal,8,87.52
4/22/2015,D,Cancelled,Discount,110,247.2
4/22/2015,D,Cancelled,Normal,77,288.24
4/22/2015,D,Delivered,Discount,141,275.34
4/22/2015,D,Delivered,Normal,95,320.31
4/22/2015,E,Cancelled,Discount,1,9.57
4/22/2015,E,Cancelled,Normal,1,8.13
4/22/2015,E,Delivered,Discount,1,9.93
4/22/2015,E,Delivered,Normal,4,32.74
4/23/2015,A,Delivered,Normal,1,7.68
4/23/2015,B,Cancelled,Discount,150,956.47
4/23/2015,B,Cancelled,Normal,85,1159.42
4/23/2015,B,Delivered,Discount,212,1225.45
4/23/2015,B,Delivered,Normal,126,1281.02
4/23/2015,C,Cancelled,Normal,3,25.92
4/23/2015,C,Delivered,Normal,5,42.45
4/23/2015,D,Cancelled,Discount,54,120.27
4/23/2015,D,Cancelled,Normal,58,237.59
4/23/2015,D,Delivered,Discount,77,190.05
4/23/2015,D,Delivered,Normal,95,341.98
4/23/2015,E,Cancelled,Normal,5,41.32
4/23/2015,E,Delivered,Discount,1,9.93
4/23/2015,E,Delivered,Normal,4,38.61
4/24/2015,B,Cancelled,Discount,169,983.51
4/24/2015,B,Cancelled,Normal,122,1418.72
4/24/2015,B,Delivered,Discount,317,1768.65
4/24/2015,B,Delivered,Normal,175,1795.79
4/24/2015,C,Cancelled,Discount,3,24.3
4/24/2015,C,Cancelled,Normal,4,38.07
4/24/2015,C,Delivered,Discount,3,20.69
4/24/2015,C,Delivered,Normal,9,93.43
4/24/2015,D,Cancelled,Discount,49,86.03
4/24/2015,D,Cancelled,Normal,104,328.71
4/24/2015,D,Delivered,Discount,100,193.04
4/24/2015,D,Delivered,Normal,165,615.72
4/24/2015,E,Cancelled,Discount,1,9.21
4/24/2015,E,Cancelled,Normal,3,29.08
4/24/2015,E,Delivered,Normal,5,44.26
4/25/2015,A,Cancelled,Normal,1,7.68
4/25/2015,A,Delivered,Normal,3,15.35
4/25/2015,B,Cancelled,Discount,96,553.17
4/25/2015,B,Cancelled,Normal,93,1055.2
4/25/2015,B,Delivered,Discount,238,1455.93
4/25/2015,B,Delivered,Normal,166,1853.48
4/25/2015,C,Cancelled,Normal,4,32.74
4/25/2015,C,Delivered,Discount,3,17.07
4/25/2015,C,Delivered,Normal,16,196.94
4/25/2015,D,Cancelled,Discount,12,23.76
4/25/2015,D,Cancelled,Normal,81,402.48
4/25/2015,D,Delivered,Discount,35,80.45
4/25/2015,D,Delivered,Normal,108,525.88
4/25/2015,E,Cancelled,Normal,4,32.74
4/25/2015,E,Delivered,Normal,3,23.03
4/26/2015,A,Cancelled,Normal,1,11.29
4/26/2015,A,Delivered,Normal,1,7.68
4/26/2015,B,Cancelled,Discount,72,454.17
4/26/2015,B,Cancelled,Normal,119,1331.9
4/26/2015,B,Delivered,Discount,152,975.14
4/26/2015,B,Delivered,Normal,139,1534.71
4/26/2015,C,Cancelled,Discount,3,17.07
4/26/2015,C,Cancelled,Normal,5,42.45
4/26/2015,C,Delivered,Discount,7,55.56
4/26/2015,C,Delivered,Normal,8,81.38
4/26/2015,D,Cancelled,Discount,22,53.18
4/26/2015,D,Cancelled,Normal,76,325.34
4/26/2015,D,Delivered,Discount,23,53.79
4/26/2015,D,Delivered,Normal,192,828.12
4/26/2015,E,Cancelled,Normal,4,42.86
4/26/2015,E,Delivered,Discount,1,9.21
4/26/2015,E,Delivered,Normal,9,83.05
4/27/2015,A,Delivered,Normal,3,23.47
4/27/2015,B,Cancelled,Discount,110,687.67
4/27/2015,B,Cancelled,Normal,131,1302.69
4/27/2015,B,Delivered,Discount,185,1147.75
4/27/2015,B,Delivered,Normal,196,2194.56
4/27/2015,C,Cancelled,Normal,7,62.91
4/27/2015,C,Delivered,Discount,15,108.56
4/27/2015,C,Delivered,Normal,19,202.94
4/27/2015,D,Cancelled,Discount,27,69.95
4/27/2015,D,Cancelled,Normal,111,468.26
4/27/2015,D,Delivered,Discount,39,95.35
4/27/2015,D,Delivered,Normal,210,911.77
4/27/2015,E,Cancelled,Discount,1,9.57
4/27/2015,E,Cancelled,Normal,7,67.69
4/27/2015,E,Delivered,Normal,3,24.39
4/28/2015,A,Cancelled,Normal,4,77.21
4/28/2015,A,Delivered,Normal,3,15.35
4/28/2015,B,Cancelled,Discount,152,933.47
4/28/2015,B,Cancelled,Normal,177,2108.94
4/28/2015,B,Delivered,Discount,195,1305.35
4/28/2015,B,Delivered,Normal,214,2532.98
4/28/2015,C,Cancelled,Discount,8,52.43
4/28/2015,C,Cancelled,Normal,8,85.17
4/28/2015,C,Delivered,Discount,15,100.79
4/28/2015,C,Delivered,Normal,49,461.88
4/28/2015,D,Cancelled,Discount,32,68
4/28/2015,D,Cancelled,Normal,284,1629.89
4/28/2015,D,Delivered,Discount,47,111.81
4/28/2015,D,Delivered,Normal,524,3208.25
4/28/2015,E,Cancelled,Discount,1,9.57
4/28/2015,E,Cancelled,Normal,8,69.09
4/28/2015,E,Delivered,Discount,3,19.15
4/28/2015,E,Delivered,Normal,7,50.35
4/29/2015,A,Cancelled,Normal,4,23.03
4/29/2015,B,Cancelled,Discount,103,621.13
4/29/2015,B,Cancelled,Normal,103,1117.45
4/29/2015,B,Delivered,Discount,143,940.99
4/29/2015,B,Delivered,Normal,134,1391.74
4/29/2015,C,Cancelled,Discount,1,8.96
4/29/2015,C,Cancelled,Normal,7,77.9
4/29/2015,C,Delivered,Discount,5,39.91
4/29/2015,C,Delivered,Normal,9,111.72
4/29/2015,D,Cancelled,Discount,26,78.95
4/29/2015,D,Cancelled,Normal,187,1393.15
4/29/2015,D,Delivered,Discount,14,39.54
4/29/2015,D,Delivered,Normal,149,643.69
4/29/2015,E,Cancelled,Discount,1,9.57
4/29/2015,E,Cancelled,Normal,1,17.57
4/29/2015,E,Delivered,Normal,5,50.58
4/30/2015,A,Cancelled,Normal,5,65.92
4/30/2015,A,Delivered,Discount,1,8.44
4/30/2015,A,Delivered,Normal,5,24.39
4/30/2015,B,Cancelled,Discount,96,589.17
4/30/2015,B,Cancelled,Normal,103,1093.6
4/30/2015,B,Delivered,Discount,168,1119.24
4/30/2015,B,Delivered,Normal,158,1816.77
4/30/2015,C,Cancelled,Discount,18,118.96
4/30/2015,C,Cancelled,Normal,11,94.7
4/30/2015,C,Delivered,Discount,15,106.47
4/30/2015,C,Delivered,Normal,38,321.17
4/30/2015,D,Cancelled,Discount,20,66.68
4/30/2015,D,Cancelled,Normal,122,557.75
4/30/2015,D,Delivered,Discount,18,46.06
4/30/2015,D,Delivered,Normal,175,701.53
4/30/2015,E,Cancelled,Normal,3,21.22
4/30/2015,E,Delivered,Discount,1,9.57
4/30/2015,E,Delivered,Normal,7,59.38